LR table,,,,,,,,,,,,,,,,,,,,,,,,,,,,,,,,,,,,,,,,,,,,,,,,,,,,,,,,,,,,,,,,,,,,,,
State,ACTION,,,,,,,,,,,,,,,,,,,,,,,,,,,,,,,,,,,,,,,,,GOTO,,,,,,,,,,,,,,,,,,,,,,,,,,,,
,,Id,BeginP,EndP,SepPont,BeginCh,EndCh,Init,SepV,void,TypeInt,TypeFloat,TypeBool,TyperChar,BeginC,EndC,ConstInt,ConstFloat,ConstBool,ConstChar,ConstString,In,SepPV,Out,InsSIf,Return,OpAtr,OpLogAnd,OpLogOr,OpLogNot,OpArAd,OpArMult,OpArdiv,OpArMod,OpArExp,OpReD,OpReI,InsInWh,InsInfor,IntTo,$,S,INICIAL,LIST_FUNC,FUNC,MAIN_FUNC,PARAMITER_LIST,PARAMITER,TYPE_FUNC,TYPE,VECTOR_TYPE,CONST_TYPE,COMANDS_LIST,COMAND,RETURN,RETURN_TYPE,VAR_DECLARATION,DECLARATION_LIST,DECLARATION_TYPE,ATTRIBUTION,LIST_OPERATION_LG,OPERATION_RL,OPERATION_AR,ATRIBVALUE,OP_LG,OP_AR,OP_RE,FUNC_CALL,LI,LOOP
0,,s6,,,,,,s5,,,,,,,,,,,,,,,,,,,,,,,,,,,,,,,,,,,1,2,4,3,,,,,,,,,,,,,,,,,,,,,,,,
1,,,,,,,,,,,,,,,,,,,,,,,,,,,,,,,,,,,,,,,,,acc,,,,,,,,,,,,,,,,,,,,,,,,,,,,,
2,s8,,,,,,,s5,,,,,,,,,,,,,,,,,,,,,,,,,,,,,,,,,,,,,,7,,,,,,,,,,,,,,,,,,,,,,,,
3,,,,,,,,,,,,,,,,,,,,,,,,,,,,,,,,,,,,,,,,,r2,,,,,,,,,,,,,,,,,,,,,,,,,,,,,
4,r4,,,,,,,r4,,,,,,,,,,,,,,,,,,,,,,,,,,,,,,,,,,,,,,,,,,,,,,,,,,,,,,,,,,,,,,
5,,,s9,,,,,,,,,,,,,,,,,,,,,,,,,,,,,,,,,,,,,,,,,,,,,,,,,,,,,,,,,,,,,,,,,,,
6,,,s10,,,,,,,,,,,,,,,,,,,,,,,,,,,,,,,,,,,,,,,,,,,,,,,,,,,,,,,,,,,,,,,,,,,
7,,,,,,,,,,,,,,,,,,,,,,,,,,,,,,,,,,,,,,,,,r1,,,,,,,,,,,,,,,,,,,,,,,,,,,,,
8,,s6,,,,,,,,,,,,,,,,,,,,,,,,,,,,,,,,,,,,,,,,,,,11,,,,,,,,,,,,,,,,,,,,,,,,,
9,,,,s13,,,,,,,s17,s18,s19,s20,,,,,,,,,,,,,,,,,,,,,,,,,,,,,,,,,12,14,,15,16,,,,,,,,,,,,,,,,,,,
10,,,,,,,,,,,s17,s18,s19,s20,,,,,,,,,,,,,,,,,,,,,,,,,,,,,,,,,21,14,,15,16,,,,,,,,,,,,,,,,,,,
11,r3,,,,,,,r3,,,,,,,,,,,,,,,,,,,,,,,,,,,,,,,,,,,,,,,,,,,,,,,,,,,,,,,,,,,,,,
12,,,,s22,,,,,s23,,,,,,,,,,,,,,,,,,,,,,,,,,,,,,,,,,,,,,,,,,,,,,,,,,,,,,,,,,,,,
13,,,,,s24,,,,,,,,,,,,,,,,,,,,,,,,,,,,,,,,,,,,,,,,,,,,,,,,,,,,,,,,,,,,,,,,,
14,,,,r9,,,,,r9,,,,,,,,,,,,,,,,,,,,,,,,,,,,,,,,,,,,,,,,,,,,,,,,,,,,,,,,,,,,,
15,,,,,s25,,,,,,,,,,s26,,,,,,,,,,,,,,,,,,,,,,,,,,,,,,,,,,,,,,,,,,,,,,,,,,,,,,,
16,,,,,s27,,,,,,,,,,,,,,,,,,,,,,,,,,,,,,,,,,,,,,,,,,,,,,,,,,,,,,,,,,,,,,,,,
17,,r15,,,r15,r15,,,,,,,,,r15,,,,,,,,,,,,,,,,,,,,,,,,,,,,,,,,,,,,,,,,,,,,,,,,,,,,,,,
18,,r16,,,r16,r16,,,,,,,,,r16,,,,,,,,,,,,,,,,,,,,,,,,,,,,,,,,,,,,,,,,,,,,,,,,,,,,,,,
19,,r17,,,r17,r17,,,,,,,,,r17,,,,,,,,,,,,,,,,,,,,,,,,,,,,,,,,,,,,,,,,,,,,,,,,,,,,,,,
20,,r18,,,r18,r18,,,,,,,,,r18,,,,,,,,,,,,,,,,,,,,,,,,,,,,,,,,,,,,,,,,,,,,,,,,,,,,,,,
21,,,,s28,,,,,s23,,,,,,,,,,,,,,,,,,,,,,,,,,,,,,,,,,,,,,,,,,,,,,,,,,,,,,,,,,,,,
22,,,,,s29,,,,,,,,,,,,,,,,,,,,,,,,,,,,,,,,,,,,,,,,,,,,,,,,,,,,,,,,,,,,,,,,,
23,,,,,,,,,,,s17,s18,s19,s20,,,,,,,,,,,,,,,,,,,,,,,,,,,,,,,,,,30,,15,16,,,,,,,,,,,,,,,,,,,
24,,,,,,,,,,s33,s17,s18,s19,s20,,,,,,,,,,,,,,,,,,,,,,,,,,,,,,,,,,,31,32,34,,,,,,,,,,,,,,,,,,,
25,,s35,,,,,,,,,,,,,,,,,,,,,,,,,,,,,,,,,,,,,,,,,,,,,,,,,,,,,,,,,,,,,,,,,,,,
26,,s39,,,,,,,,,,,,,,s37,s42,s43,s44,s45,s46,,,,,,,,,,,,,,,,,,,,,,,,,,,,,,,41,,,,,,,,,,,36,38,,,,40,,
27,,s47,,,,,,,,,,,,,,,,,,,,,,,,,,,,,,,,,,,,,,,,,,,,,,,,,,,,,,,,,,,,,,,,,,,,
28,,,,,s48,,,,,,,,,,,,,,,,,,,,,,,,,,,,,,,,,,,,,,,,,,,,,,,,,,,,,,,,,,,,,,,,,
29,,,,,,,,,,s33,s17,s18,s19,s20,,,,,,,,,,,,,,,,,,,,,,,,,,,,,,,,,,,49,32,34,,,,,,,,,,,,,,,,,,,
30,,,,r8,,,,,r8,,,,,,,,,,,,,,,,,,,,,,,,,,,,,,,,,,,,,,,,,,,,,,,,,,,,,,,,,,,,,
31,,,,,,s50,,,,,,,,,,,,,,,,,,,,,,,,,,,,,,,,,,,,,,,,,,,,,,,,,,,,,,,,,,,,,,,,
32,,,,,,r12,,,,,,,,,s26,,,,,,,,,,,,,,,,,,,,,,,,,,,,,,,,,,,,,,,,,,,,,,,,,,,,,,,
33,,,,,,r13,,,,,,,,,,,,,,,,,,,,,,,,,,,,,,,,,,,,,,,,,,,,,,,,,,,,,,,,,,,,,,,,
34,,,,,,r14,,,,,,,,,,,,,,,,,,,,,,,,,,,,,,,,,,,,,,,,,,,,,,,,,,,,,,,,,,,,,,,,
35,,,,r10,,,,,r10,,,,,,,,,,,,,,,,,,,,,,,,,,,,,,,,,,,,,,,,,,,,,,,,,,,,,,,,,,,,,
36,,,,,,,,,,,,,,,,s51,,,,,,,,,,,,,,,s53,s54,s55,s56,s57,,,,,,,,,,,,,,,,,,,,,,,,,,,,,,,52,,,,
37,,r21,,,r21,r21,,,,,,,,,,,,,,,,,,,,,,,,,,,,,,,,,,,,,,,,,,,,,,,,,,,,,,,,,,,,,,,,
38,,r55,,r55,,,r55,,r55,,r55,r55,r55,r55,,r55,,,,,,r55,r55,r55,r55,r55,,r55,r55,r55,r55,r55,r55,r55,r55,r55,r55,r55,r55,r55,,,,,,,,,,,,,,,,,,,,,,,,,,,,,,
39,,r56,s59,r56,,,r56,,r56,,r56,r56,r56,r56,s58,r56,,,,,,r56,r56,r56,r56,r56,,r56,r56,r56,r56,r56,r56,r56,r56,r56,r56,r56,r56,r56,,,,,,,,,,,,,,,,,,,,,,,,,,,,,,
40,,r58,,r58,,,r58,,r58,,r58,r58,r58,r58,,r58,,,,,,r58,r58,r58,r58,r58,,r58,r58,r58,r58,r58,r58,r58,r58,r58,r58,r58,r58,r58,,,,,,,,,,,,,,,,,,,,,,,,,,,,,,
41,,r59,,r59,,,r59,,r59,,r59,r59,r59,r59,,r59,,,,,,r59,r59,r59,r59,r59,,r59,r59,r59,r59,r59,r59,r59,r59,r59,r59,r59,r59,r59,,,,,,,,,,,,,,,,,,,,,,,,,,,,,,
42,,r22,,r22,,,r22,,r22,,r22,r22,r22,r22,,r22,,,,,,r22,r22,r22,r22,r22,,r22,r22,r22,r22,r22,r22,r22,r22,r22,r22,r22,r22,r22,,,,,,,,,,,,,,,,,,,,,,,,,,,,,,
43,,r23,,r23,,,r23,,r23,,r23,r23,r23,r23,,r23,,,,,,r23,r23,r23,r23,r23,,r23,r23,r23,r23,r23,r23,r23,r23,r23,r23,r23,r23,r23,,,,,,,,,,,,,,,,,,,,,,,,,,,,,,
44,,r24,,r24,,,r24,,r24,,r24,r24,r24,r24,,r24,,,,,,r24,r24,r24,r24,r24,,r24,r24,r24,r24,r24,r24,r24,r24,r24,r24,r24,r24,r24,,,,,,,,,,,,,,,,,,,,,,,,,,,,,,
45,,r25,,r25,,,r25,,r25,,r25,r25,r25,r25,,r25,,,,,,r25,r25,r25,r25,r25,,r25,r25,r25,r25,r25,r25,r25,r25,r25,r25,r25,r25,r25,,,,,,,,,,,,,,,,,,,,,,,,,,,,,,
46,,r26,,r26,,,r26,,r26,,r26,r26,r26,r26,,r26,,,,,,r26,r26,r26,r26,r26,,r26,r26,r26,r26,r26,r26,r26,r26,r26,r26,r26,r26,r26,,,,,,,,,,,,,,,,,,,,,,,,,,,,,,
47,,,,r11,,,,,r11,,,,,,,,,,,,,,,,,,,,,,,,,,,,,,,,,,,,,,,,,,,,,,,,,,,,,,,,,,,,,
48,,,,,,,,,,s33,s17,s18,s19,s20,,,,,,,,,,,,,,,,,,,,,,,,,,,,,,,,,,,60,32,34,,,,,,,,,,,,,,,,,,,
49,,,,,,s61,,,,,,,,,,,,,,,,,,,,,,,,,,,,,,,,,,,,,,,,,,,,,,,,,,,,,,,,,,,,,,,,
50,,s76,,,,,,,,,s17,s18,s19,s20,,,,,,,,s67,,s68,s71,s72,,,,,,,,,,,,s77,s78,,,,,,,,,,,74,75,,62,63,64,,65,73,79,66,,,,,,,,69,,70
51,,r20,,,r20,r20,,,,,,,,,,,,,,,,,,,,,,,,,,,,,,,,,,,,,,,,,,,,,,,,,,,,,,,,,,,,,,,,
52,,s39,,,,,,,,,,,,,,,s42,s43,s44,s45,s46,,,,,,,,,,,,,,,,,,,,,,,,,,,,,,,41,,,,,,,,,,,,80,,,,40,,
53,,r63,,,,,,,,,,,,,,,r63,r63,r63,r63,r63,,,,,,,,,,,,,,,,,,,,,,,,,,,,,,,,,,,,,,,,,,,,,,,,,
54,,r64,,,,,,,,,,,,,,,r64,r64,r64,r64,r64,,,,,,,,,,,,,,,,,,,,,,,,,,,,,,,,,,,,,,,,,,,,,,,,,
55,,r65,,,,,,,,,,,,,,,r65,r65,r65,r65,r65,,,,,,,,,,,,,,,,,,,,,,,,,,,,,,,,,,,,,,,,,,,,,,,,,
56,,r66,,,,,,,,,,,,,,,r66,r66,r66,r66,r66,,,,,,,,,,,,,,,,,,,,,,,,,,,,,,,,,,,,,,,,,,,,,,,,,
57,,r67,,,,,,,,,,,,,,,r67,r67,r67,r67,r67,,,,,,,,,,,,,,,,,,,,,,,,,,,,,,,,,,,,,,,,,,,,,,,,,
58,,s39,,,,,,,,,,,,,,,s42,s43,s44,s45,s46,,,,,,,,,,,,,,,,,,,,,,,,,,,,,,,41,,,,,,,,,,,81,38,,,,40,,
59,,s39,,,,,,,,,,,,,,,s42,s43,s44,s45,s46,,,,,,,,,,,,,,,,,,,,,,,,,,,,,,,41,,,,,,,,,83,84,85,38,,,,40,82,
60,,,,,,s86,,,,,,,,,,,,,,,,,,,,,,,,,,,,,,,,,,,,,,,,,,,,,,,,,,,,,,,,,,,,,,,,
61,,,,,,,,,,,,,,,,,,,,,,,,,,,,,,,,,,,,,,,,,r6,,,,,,,,,,,,,,,,,,,,,,,,,,,,,
62,,s76,,,,,s87,,,,s17,s18,s19,s20,,,,,,,,s67,,s68,s71,s72,,,,,,,,,,,,s77,s78,,,,,,,,,,,74,75,,,88,64,,65,73,79,66,,,,,,,,69,,70
63,,r28,,,,,r28,,,,r28,r28,r28,r28,,,,,,,,r28,,r28,r28,r28,,,,,,,,,,,,r28,r28,,,,,,,,,,,,,,,,,,,,,,,,,,,,,,,
64,,r29,,,,,r29,,,,r29,r29,r29,r29,,,,,,,,r29,,r29,r29,r29,,,,,,,,,,,,r29,r29,,,,,,,,,,,,,,,,,,,,,,,,,,,,,,,
65,,r30,,,,,r30,,,,r30,r30,r30,r30,,,,,,,,r30,,r30,r30,r30,,,,,,,,,,,,r30,r30,,,,,,,,,,,,,,,,,,,,,,,,,,,,,,,
66,,r31,,,,,r31,,r45,,r31,r31,r31,r31,,,,,,,,r31,r45,r31,r31,r31,,,,,,,,,,,,r31,r31,,,,,,,,,,,,,,,,,,,,,,,,,,,,,,,
67,,,s89,,,,,,,,,,,,,,,,,,,,,,,,,,,,,,,,,,,,,,,,,,,,,,,,,,,,,,,,,,,,,,,,,,,
68,,,s90,,,,,,,,,,,,,,,,,,,,,,,,,,,,,,,,,,,,,,,,,,,,,,,,,,,,,,,,,,,,,,,,,,,
69,,r35,,,,,r35,,,,r35,r35,r35,r35,,,,,,,,r35,,r35,r35,r35,,,,,,,,,,,,r35,r35,,,,,,,,,,,,,,,,,,,,,,,,,,,,,,,
70,,r36,,,,,r36,,,,r36,r36,r36,r36,,,,,,,,r36,,r36,r36,r36,,,,,,,,,,,,r36,r36,,,,,,,,,,,,,,,,,,,,,,,,,,,,,,,
71,,,s91,,,,,,,,,,,,,,,,,,,,,,,,,,,,,,,,,,,,,,,,,,,,,,,,,,,,,,,,,,,,,,,,,,,
72,,s39,,,,,,,,,,,,,,,s42,s43,s44,s45,s46,,,,,,,,,,,,,,,,,,,,,,,,,,,,,,,41,,,,92,,,,,93,84,85,38,,,,40,,
73,,r40,,,,,r40,,,,r40,r40,r40,r40,,,,,,,,r40,,r40,r40,r40,,,,,,,,,,,,r40,r40,,,,,,,,,,,,,,,,,,,,,,,,,,,,,,,
74,,s96,,,,,,,,,,,,,s26,,,,,,,,,,,,,,,,,,,,,,,,,,,,,,,,,,,,,,,,,,,94,79,95,,,,,,,,,,
75,,s96,,,,,,,,,,,,,,,,,,,,,,,,,,,,,,,,,,,,,,,,,,,,,,,,,,,,,,,,97,79,95,,,,,,,,,,
76,,r46,s59,,,,r46,,r46,,r46,r46,r46,r46,s98,,,,,,,r46,r46,r46,r46,r46,s99,,,,,,,,,,,r46,r46,r46,,,,,,,,,,,,,,,,,,,,,,,,,,,,,,
77,,,s100,,,,,,,,,,,,,,,,,,,,,,,,,,,,,,,,,,,,,,,,,,,,,,,,,,,,,,,,,,,,,,,,,,,
78,,,s101,,,,,,,,,,,,,,,,,,,,,,,,,,,,,,,,,,,,,,,,,,,,,,,,,,,,,,,,,,,,,,,,,,,
79,,,,,,,,,s102,,,,,,,,,,,,,,s103,,,,,,,,,,,,,,,,,,,,,,,,,,,,,,,,,,,,,,,,,,,,,,,
80,,r54,,r54,,,r54,,r54,,r54,r54,r54,r54,,r54,,,,,,r54,r54,r54,r54,r54,,r54,r54,r54,r54,r54,r54,r54,r54,r54,r54,r54,r54,r54,,,,,,,,,,,,,,,,,,,,,,,,,,,,,,
81,,,,,,,,,,,,,,,,s104,,,,,,,,,,,,,,,s53,s54,s55,s56,s57,,,,,,,,,,,,,,,,,,,,,,,,,,,,,,,52,,,,
82,,,,s105,,,,,,,,,,,,,,,,,,,,,,,,,,,,,,,,,,,,,,,,,,,,,,,,,,,,,,,,,,,,,,,,,,
83,,,,r72,,,,,s106,,,,,,,,,,,,,,,,,,,s108,s109,s110,,,,,,,,,,,,,,,,,,,,,,,,,,,,,,,,,,,107,,,,,
84,,r51,,r51,,,r51,,r51,,r51,r51,r51,r51,,,,,,,,r51,r51,r51,r51,r51,,r51,r51,r51,,,,,,s112,s113,r51,r51,r51,,,,,,,,,,,,,,,,,,,,,,,,,,,111,,,
85,,r53,,r53,,,r53,,r53,,r53,r53,r53,r53,,,,,,,,r53,r53,r53,r53,r53,,r53,r53,r53,s53,s54,s55,s56,s57,r53,r53,r53,r53,r53,,,,,,,,,,,,,,,,,,,,,,,,,,52,,,,
86,,s76,,,,,,,,,s17,s18,s19,s20,,,,,,,,s67,,s68,s71,s72,,,,,,,,,,,,s77,s78,,,,,,,,,,,74,75,,114,63,64,,65,73,79,66,,,,,,,,69,,70
87,,,,,,,,,,,,,,,,,,,,,,,,,,,,,,,,,,,,,,,,,r7,,,,,,,,,,,,,,,,,,,,,,,,,,,,,
88,,r27,,,,,r27,,,,r27,r27,r27,r27,,,,,,,,r27,,r27,r27,r27,,,,,,,,,,,,r27,r27,,,,,,,,,,,,,,,,,,,,,,,,,,,,,,,
89,,,,,,,,,,,,,,,,,,,,,s115,,,,,,,,,,,,,,,,,,,,,,,,,,,,,,,,,,,,,,,,,,,,,,,,,
90,,,,,,,,,,,,,,,,,,,,,s116,,,,,,,,,,,,,,,,,,,,,,,,,,,,,,,,,,,,,,,,,,,,,,,,,
91,,s39,,,,,,,,,,,,,,,s42,s43,s44,s45,s46,,,,,,,,,,,,,,,,,,,,,,,,,,,,,,,41,,,,,,,,,117,84,85,38,,,,40,,
92,,,,,,,,,,,,,,,,,,,,,,,s118,,,,,,,,,,,,,,,,,,,,,,,,,,,,,,,,,,,,,,,,,,,,,,,
93,,,,,,,,,,,,,,,,,,,,,,,r39,,,,,s108,s109,s110,,,,,,,,,,,,,,,,,,,,,,,,,,,,,,,,,,,107,,,,,
94,,r41,,,,,r41,,,,r41,r41,r41,r41,,,,,,,,r41,,r41,r41,r41,,,,,,,,,,,,r41,r41,,,,,,,,,,,,,,,,,,,,,,,,,,,,,,,
95,,,,,,,,,r45,,,,,,,,,,,,,,r45,,,,,,,,,,,,,,,,,,,,,,,,,,,,,,,,,,,,,,,,,,,,,,,
96,,r46,,,,,r46,,r46,,r46,r46,r46,r46,s98,,,,,,,r46,r46,r46,r46,r46,s99,,,,,,,,,,,r46,r46,r46,,,,,,,,,,,,,,,,,,,,,,,,,,,,,,
97,,r42,,,,,r42,,,,r42,r42,r42,r42,,,,,,,,r42,,r42,r42,r42,,,,,,,,,,,,r42,r42,,,,,,,,,,,,,,,,,,,,,,,,,,,,,,,
98,,s39,,,,,,,,,,,,,,,s42,s43,s44,s45,s46,,,,,,,,,,,,,,,,,,,,,,,,,,,,,,,41,,,,,,,,,,,119,38,,,,40,,
99,,s39,,,,,,,,,,,,,,,s42,s43,s44,s45,s46,,,,,,,,,,,,,,,,,,,,,,,,,,,,,,,41,,,,,,,,,120,84,85,38,,,,40,,
100,,s39,,,,,,,,,,,,,,,s42,s43,s44,s45,s46,,,,,,,,,,,,,,,,,,,,,,,,,,,,,,,41,,,,,,,,,121,84,85,38,,,,40,,
101,,s96,,,,,,,,,,,,,,,,,,,,,,,,,,,,,,,,,,,,,,,,,,,,,,,,,,,,,,,,,,122,,,,,,,,,,
102,,s96,,,,,,,,,,,,,,,,,,,,,,,,,,,,,,,,,,,,,,,,,,,,,,,,,,,,,,,,123,79,95,,,,,,,,,,
103,,r44,,,,,r44,,,,r44,r44,r44,r44,,,,,,,,r44,,r44,r44,r44,,,,,,,,,,,,r44,r44,,,,,,,,,,,,,,,,,,,,,,,,,,,,,,,
104,,r57,,r57,,,r57,,r57,,r57,r57,r57,r57,,r57,,,,,,r57,r57,r57,r57,r57,,r57,r57,r57,r57,r57,r57,r57,r57,r57,r57,r57,r57,r57,,,,,,,,,,,,,,,,,,,,,,,,,,,,,,
105,,,,,,,,,,,,,,,,,,,,,,,s124,,,,,,,,,,,,,,,,,,,,,,,,,,,,,,,,,,,,,,,,,,,,,,,
106,,s39,,,,,,,,,,,,,,,s42,s43,s44,s45,s46,,,,,,,,,,,,,,,,,,,,,,,,,,,,,,,41,,,,,,,,,83,84,85,38,,,,40,125,
107,,s39,,,,,,,,,,,,,,,s42,s43,s44,s45,s46,,,,,,,,,,,,,,,,,,,,,,,,,,,,,,,41,,,,,,,,,,126,85,38,,,,40,,
108,,r60,,,,,,,,,,,,,,,r60,r60,r60,r60,r60,,,,,,,,,,,,,,,,,,,,,,,,,,,,,,,,,,,,,,,,,,,,,,,,,
109,,r61,,,,,,,,,,,,,,,r61,r61,r61,r61,r61,,,,,,,,,,,,,,,,,,,,,,,,,,,,,,,,,,,,,,,,,,,,,,,,,
110,,r62,,,,,,,,,,,,,,,r62,r62,r62,r62,r62,,,,,,,,,,,,,,,,,,,,,,,,,,,,,,,,,,,,,,,,,,,,,,,,,
111,,s39,,,,,,,,,,,,,,,s42,s43,s44,s45,s46,,,,,,,,,,,,,,,,,,,,,,,,,,,,,,,41,,,,,,,,,,,127,38,,,,40,,
112,,r68,,,,,,,,,,,,,,,r68,r68,r68,r68,r68,,,,,,,,,,,,,,,,,,,,,,,,,,,,,,,,,,,,,,,,,,,,,,,,,
113,,r69,,,,,,,,,,,,,,,r69,r69,r69,r69,r69,,,,,,,,,,,,,,,,,,,,,,,,,,,,,,,,,,,,,,,,,,,,,,,,,
114,,s76,,,,,s128,,,,s17,s18,s19,s20,,,,,,,,s67,,s68,s71,s72,,,,,,,,,,,,s77,s78,,,,,,,,,,,74,75,,,88,64,,65,73,79,66,,,,,,,,69,,70
115,,,,,,,,,s129,,,,,,,,,,,,,,,,,,,,,,,,,,,,,,,,,,,,,,,,,,,,,,,,,,,,,,,,,,,,,
116,,,,s131,,,,,s130,,,,,,,,,,,,,,,,,,,,,,,,,,,,,,,,,,,,,,,,,,,,,,,,,,,,,,,,,,,,,
117,,,,s132,,,,,,,,,,,,,,,,,,,,,,,,s108,s109,s110,,,,,,,,,,,,,,,,,,,,,,,,,,,,,,,,,,,107,,,,,
118,,r38,,,,,r38,,,,r38,r38,r38,r38,,,,,,,,r38,,r38,r38,r38,,,,,,,,,,,,r38,r38,,,,,,,,,,,,,,,,,,,,,,,,,,,,,,,
119,,,,,,,,,,,,,,,,s133,,,,,,,,,,,,,,,s53,s54,s55,s56,s57,,,,,,,,,,,,,,,,,,,,,,,,,,,,,,,52,,,,
120,,r48,,,,,r48,,r48,,r48,r48,r48,r48,,,,,,,,r48,r48,r48,r48,r48,,s108,s109,s110,,,,,,,,r48,r48,r48,,,,,,,,,,,,,,,,,,,,,,,,,107,,,,,
121,,,,s134,,,,,,,,,,,,,,,,,,,,,,,,s108,s109,s110,,,,,,,,,,,,,,,,,,,,,,,,,,,,,,,,,,,107,,,,,
122,,,,,,,,,,,,,,,,,,,,,,,,,,,,,,,,,,,,,,,,s135,,,,,,,,,,,,,,,,,,,,,,,,,,,,,,
123,,r43,,,,,r43,,,,r43,r43,r43,r43,,,,,,,,r43,,r43,r43,r43,,,,,,,,,,,,r43,r43,,,,,,,,,,,,,,,,,,,,,,,,,,,,,,,
124,,r70,,r70,,,r70,,r70,,r70,r70,r70,r70,,r70,,,,,,r70,r70,r70,r70,r70,,r70,r70,r70,r70,r70,r70,r70,r70,r70,r70,r70,r70,r70,,,,,,,,,,,,,,,,,,,,,,,,,,,,,,
125,,,,r71,,,,,,,,,,,,,,,,,,,,,,,,,,,,,,,,,,,,,,,,,,,,,,,,,,,,,,,,,,,,,,,,,,
126,,r50,,r50,,,r50,,r50,,r50,r50,r50,r50,,,,,,,,r50,r50,r50,r50,r50,,r50,r50,r50,,,,,,s112,s113,r50,r50,r50,,,,,,,,,,,,,,,,,,,,,,,,,,,111,,,
127,,r52,,r52,,,r52,,r52,,r52,r52,r52,r52,,,,,,,,r52,r52,r52,r52,r52,,r52,r52,r52,s53,s54,s55,s56,s57,r52,r52,r52,r52,r52,,,,,,,,,,,,,,,,,,,,,,,,,,52,,,,
128,r5,,,,,,,r5,,,,,,,,,,,,,,,,,,,,,,,,,,,,,,,,,,,,,,,,,,,,,,,,,,,,,,,,,,,,,,
129,,s39,,,,,,,,,,,,,,,s42,s43,s44,s45,s46,,,,,,,,,,,,,,,,,,,,,,,,,,,,,,,41,,,,,,,,,136,84,85,38,,,,40,,
130,,s39,,,,,,,,,,,,,,,s42,s43,s44,s45,s46,,,,,,,,,,,,,,,,,,,,,,,,,,,,,,,41,,,,,,,,,137,84,85,38,,,,40,,
131,,,,,,,,,,,,,,,,,,,,,,,s138,,,,,,,,,,,,,,,,,,,,,,,,,,,,,,,,,,,,,,,,,,,,,,,
132,,,,,,s139,,,,,,,,,,,,,,,,,,,,,,,,,,,,,,,,,,,,,,,,,,,,,,,,,,,,,,,,,,,,,,,,
133,,r47,,,,,r47,,r47,,r47,r47,r47,r47,,,,,,,,r47,r47,r47,r47,r47,s140,,,,,,,,,,,r47,r47,r47,,,,,,,,,,,,,,,,,,,,,,,,,,,,,,
134,,,,,,s141,,,,,,,,,,,,,,,,,,,,,,,,,,,,,,,,,,,,,,,,,,,,,,,,,,,,,,,,,,,,,,,,
135,,s39,,,,,,,,,,,,,,,s42,s43,s44,s45,s46,,,,,,,,,,,,,,,,,,,,,,,,,,,,,,,41,,,,,,,,,142,84,85,38,,,,40,,
136,,,,s143,,,,,,,,,,,,,,,,,,,,,,,,s108,s109,s110,,,,,,,,,,,,,,,,,,,,,,,,,,,,,,,,,,,107,,,,,
137,,,,s144,,,,,,,,,,,,,,,,,,,,,,,,s108,s109,s110,,,,,,,,,,,,,,,,,,,,,,,,,,,,,,,,,,,107,,,,,
138,,r34,,,,,r34,,,,r34,r34,r34,r34,,,,,,,,r34,,r34,r34,r34,,,,,,,,,,,,r34,r34,,,,,,,,,,,,,,,,,,,,,,,,,,,,,,,
139,,s76,,,,,,,,,s17,s18,s19,s20,,,,,,,,s67,,s68,s71,s72,,,,,,,,,,,,s77,s78,,,,,,,,,,,74,75,,145,63,64,,65,73,79,66,,,,,,,,69,,70
140,,s39,,,,,,,,,,,,,,,s42,s43,s44,s45,s46,,,,,,,,,,,,,,,,,,,,,,,,,,,,,,,41,,,,,,,,,146,84,85,38,,,,40,,
141,,s76,,,,,,,,,s17,s18,s19,s20,,,,,,,,s67,,s68,s71,s72,,,,,,,,,,,,s77,s78,,,,,,,,,,,74,75,,147,63,64,,65,73,79,66,,,,,,,,69,,70
142,,,,s148,,,,,,,,,,,,,,,,,,,,,,,,s108,s109,s110,,,,,,,,,,,,,,,,,,,,,,,,,,,,,,,,,,,107,,,,,
143,,,,,,,,,,,,,,,,,,,,,,,s149,,,,,,,,,,,,,,,,,,,,,,,,,,,,,,,,,,,,,,,,,,,,,,,
144,,,,,,,,,,,,,,,,,,,,,,,s150,,,,,,,,,,,,,,,,,,,,,,,,,,,,,,,,,,,,,,,,,,,,,,,
145,,s76,,,,,s151,,,,s17,s18,s19,s20,,,,,,,,s67,,s68,s71,s72,,,,,,,,,,,,s77,s78,,,,,,,,,,,74,75,,,88,64,,65,73,79,66,,,,,,,,69,,70
146,,r49,,,,,r49,,r49,,r49,r49,r49,r49,,,,,,,,r49,r49,r49,r49,r49,,s108,s109,s110,,,,,,,,r49,r49,r49,,,,,,,,,,,,,,,,,,,,,,,,,107,,,,,
147,,s76,,,,,s152,,,,s17,s18,s19,s20,,,,,,,,s67,,s68,s71,s72,,,,,,,,,,,,s77,s78,,,,,,,,,,,74,75,,,88,64,,65,73,79,66,,,,,,,,69,,70
148,,,,,,s153,,,,,,,,,,,,,,,,,,,,,,,,,,,,,,,,,,,,,,,,,,,,,,,,,,,,,,,,,,,,,,,,
149,,r32,,,,,r32,,,,r32,r32,r32,r32,,,,,,,,r32,,r32,r32,r32,,,,,,,,,,,,r32,r32,,,,,,,,,,,,,,,,,,,,,,,,,,,,,,,
150,,r33,,,,,r33,,,,r33,r33,r33,r33,,,,,,,,r33,,r33,r33,r33,,,,,,,,,,,,r33,r33,,,,,,,,,,,,,,,,,,,,,,,,,,,,,,,
151,,r37,,,,,r37,,,,r37,r37,r37,r37,,,,,,,,r37,,r37,r37,r37,,,,,,,,,,,,r37,r37,,,,,,,,,,,,,,,,,,,,,,,,,,,,,,,
152,,r73,,,,,r73,,,,r73,r73,r73,r73,,,,,,,,r73,,r73,r73,r73,,,,,,,,,,,,r73,r73,,,,,,,,,,,,,,,,,,,,,,,,,,,,,,,
153,,s76,,,,,,,,,s17,s18,s19,s20,,,,,,,,s67,,s68,s71,s72,,,,,,,,,,,,s77,s78,,,,,,,,,,,74,75,,154,63,64,,65,73,79,66,,,,,,,,69,,70
154,,s76,,,,,s155,,,,s17,s18,s19,s20,,,,,,,,s67,,s68,s71,s72,,,,,,,,,,,,s77,s78,,,,,,,,,,,74,75,,,88,64,,65,73,79,66,,,,,,,,69,,70
155,,r74,,,,,r74,,,,r74,r74,r74,r74,,,,,,,,r74,,r74,r74,r74,,,,,,,,,,,,r74,r74,,,,,,,,,,,,,,,,,,,,,,,,,,,,,,,